{"N": 200, "y": [0.16985667656141068, 0.2395363074928571, 0.33546262790251186, 0.4665530201723777, 0.6443798205686081, 0.8838263069350499, 1.203859994828203, 1.6284300482412108, 2.187491118182885, 2.9181496194009418, 3.8659201394728075, 5.086069231012701, 6.645011282741399, 8.621706688299524, 11.108996538242305, 14.214791206736985, 18.063013419781274, 22.794180883612345, 28.565500784550377, 35.550340114781115, 43.93693362340742, 53.92619703062285, 65.72852861653047, 79.55950871822769, 95.6344448325386, 114.16176000968694, 135.3352832366127, 159.32557073921532, 186.2704636977009, 216.2651668298873, 249.35220877729623, 285.51171363831907, 324.6524673583497, 366.6042970736739, 411.11229050718754, 457.8333617716145, 506.335616648101, 556.1008837732096, 606.5306597126354, 656.9555696492724, 706.6482778577243, 754.8396019890239, 800.7374029168419, 843.5476490643032, 882.4969025847333, 916.8553557323041, 945.9594689073109, 969.2332344774177, 986.2071167460143, 996.5337989744413, 1000.0000000078493, 996.5337989853934, 986.2071167724756, 969.2332345302556, 945.9594690078283, 916.8553559201688, 882.4969029324097, 843.5476497027777, 800.737404080955, 754.8396040966569, 706.6482816470257, 656.9555764146213, 606.5306717072613, 556.1009048908675, 506.3356535682594, 457.83342586830327, 411.1124010057167, 366.6044862295885, 324.65278888606, 285.51225631747576, 249.353118237628, 216.26668014046598, 186.27296382266357, 159.32967153222873, 135.34196093311024, 114.17255481947214, 95.65176713544416, 79.58709967811573, 65.77214618606355, 53.99462701063154, 44.04346352391469, 35.71488285585023, 28.81761715443741, 23.17732442587712, 18.64040723973552, 15.07743775899702, 12.386408182798649, 10.496008813027167, 9.369084212776196, 9.006323460683461, 9.450097192243145, 10.788161411557864, 13.156716364584666, 16.742065309233105, 21.779910814982856, 28.55122256381817, 37.37368615600471, 48.588059046996044, 62.539335590702656, 79.55340504898358, 99.98041981841135, 123.93930968282169, 151.54582025745583, 182.79654876525692, 217.55558769191447, 255.5491325730903, 296.36833328069895, 339.4797477891898, 384.2420899170026, 429.9276208982922, 475.7464950985527, 520.8725447139726, 564.4692680808894, 605.7150774946771, 643.8271053155012, 678.0830379904887, 707.8405508539929, 732.5539726134178, 751.7878427886751, 765.2270609637233, 772.6833797861384, 774.0980725751027, 769.5407122032343, 759.2041258154674, 743.395731164114, 722.5256039244366, 697.0917597999793, 667.6632497990356, 634.861752841633, 599.3424004543193, 561.7745802951429, 522.8234382693306, 483.13273562859064, 443.30962283703224, 403.9117732866334, 365.4371856442343, 328.31682281259117, 292.91011719620195, 259.5032444531019, 228.30995821626567, 199.47469180477097, 173.07757332675516, 149.14096954413222, 127.63717133661149, 108.49685774092373, 91.61802282659565, 76.87511481523806, 64.128212568246, 53.23214117889317, 44.04549344434526, 36.439562160092194, 30.30718220926241, 25.571414625490444, 22.193865933330173, 20.18222646322453, 19.59635312751666, 20.551964208876484, 23.220830659823083, 27.826327979205967, 34.6334305005775, 43.93271698642699, 56.01867284556335, 71.16340386605653, 89.5876515619828, 111.431552072505, 136.72779326313534, 165.379670636522, 197.1460823685628, 231.63485400110918, 268.3050714059095, 306.4784265162973, 345.3589991753241, 384.0604245926925, 421.639019436172, 457.1311450094037, 489.5928652357533, 518.1398144473663, 541.9851393675419, 560.47343882759, 573.108807509461, 579.5754002254754, 579.7493611825181, 573.7014841369097, 561.6905475324027, 544.1478581526196, 521.6540886046109, 494.9099614805306, 464.7026774275647, 431.8701787699396, 397.2653728036547, 361.7223132258724, 326.0260729492259, 290.8876674831639, 256.92494403540314, 224.64987999701015, 194.46227697297218, 166.64942925871813, 141.39101652437196, 118.76823704828227, 98.77606688260751]}